Número de mortos,Evento,País,Data,Tipo,Data estimada,Dia,Mês,Ano,Localização,Coordenadas geográficas,Referências do mapa,Área total,Área terrestre,Área aquática,Clima
830000,Terremoto Shaanxi 1556,China,23-01-1556,Terremotos,23-01-1556,23,01,1556,"Oriental Ásia, na fronteira com o Mar da China Oriental, Baía da Coréia, Mar Amarelo e Mar da China Meridional, entre a Coréia do Norte e o Vietnã","35.0, 105.0",Ásia,9596960.0,9326410.0,270550.0,extremamente diversificado;tropical no sul para a subártica no norte
448884,Terremoto Tangshan de 1976,China,28-01-1976,Terremotos,28-01-1976,28,01,1976,"Oriental Ásia, na fronteira com o Mar da China Oriental, Baía da Coréia, Mar Amarelo e Mar da China Meridional, entre a Coréia do Norte e o Vietnã","35.0, 105.0",Ásia,9596960.0,9326410.0,270550.0,extremamente diversificado;tropical no sul para a subártica no norte
208000,Terremoto no Haiti de 2010,Haiti,12-01-2010,Terremotos,12-01-2010,12,01,2010,"Caribe, oeste de um terço da ilha de Hispaniola, entre o Mar do Caribe e o Oceano Atlântico Norte, a oeste da República Dominicana","19.0, -72.25",América Central e o Caribe,27750.0,27560.0,190.0,tropical;semiário onde montanhas em leste cortar os ventos comerciais
273400,Terremoto Haiyuan de 1920,China,16-12-1920,Terremotos,16-12-1920,16,12,1920,"Oriental Ásia, na fronteira com o Mar da China Oriental, Baía da Coréia, Mar Amarelo e Mar da China Meridional, entre a Coréia do Norte e o Vietnã","35.0, 105.0",Ásia,9596960.0,9326410.0,270550.0,extremamente diversificado;tropical no sul para a subártica no norte
275000,terremoto de Antioquia de 526,Turquia,00-05-526,Terremotos,01-05-526,,05,526,"O sudeste da Europa e o sudoeste da Ásia (a parte da Turquia a oeste do Bosporus faz parte geograficamente da Europa), na fronteira com o Mar Negro, entre Bulgária e Geórgia e na fronteira com o mar do mar Egeu e o Mar Mediterrâneo, entre Grécia e Síria","39.0, 35.0",Médio Oriente,783562.0,769632.0,13930.0,temperado;Verões quentes e secos com invernos leves e úmidos;Mais duro no interior
260000,Terremoto em Antioquia de 115,Turquia,13-12-115,Terremotos,13-12-115,13,12,115,"O sudeste da Europa e o sudoeste da Ásia (a parte da Turquia a oeste do Bosporus faz parte geograficamente da Europa), na fronteira com o Mar Negro, entre Bulgária e Geórgia e na fronteira com o mar do mar Egeu e o Mar Mediterrâneo, entre Grécia e Síria","39.0, 35.0",Médio Oriente,783562.0,769632.0,13930.0,temperado;Verões quentes e secos com invernos leves e úmidos;Mais duro no interior
230000,Terremoto de Aleppo de 1138,Síria,11-10-1138,Terremotos,11-10-1138,11,10,1138,"Oriente Médio, na fronteira com o Mar Mediterrâneo, entre o Líbano e a Turquia","35.0, 38.0",Médio Oriente,187437.0,185887.0,1550.0,"Principalmente deserto;Verões quentes, secos e ensolarados (junho a agosto) e invernos leves e chuvosos (dezembro a fevereiro) ao longo da costa;Clima frio com neve ou granizo periodicamente em Damasco"
230000,Terremoto Ganja de 1139,"Azerbaijão, Geórgia",20-09-1139,Terremotos,20-09-1139,20,09,1139,,,,,,,
227898,Terremoto do Oceano Índico de 2004,Indonésia,26-12-2004,Terremotos,26-12-2004,26,12,2004,"Sudeste da Ásia, arquipélago entre o Oceano Índico e o Oceano Pacífico","-5.0, 120.0",Sudeste Asiático,1904569.0,1811569.0,93000.0,"tropical;quente, úmido;mais moderado em terras altas"
200000,Terremoto de 1303 em Hongdong,China,17-09-1303,Terremotos,17-09-1303,17,09,1303,"Oriental Ásia, na fronteira com o Mar da China Oriental, Baía da Coréia, Mar Amarelo e Mar da China Meridional, entre a Coréia do Norte e o Vietnã","35.0, 105.0",Ásia,9596960.0,9326410.0,270550.0,extremamente diversificado;tropical no sul para a subártica no norte
200000,Terremoto Damghan de 856,Irã,22-12-856,Terremotos,22-12-856,22,12,856,"Oriente Médio, na fronteira com o Golfo de Omã, o Golfo Pérsico e o Mar Cáspio, entre o Iraque e o Paquistão","32.0, 53.0",Médio Oriente,1648195.0,1531595.0,116600.0,"Principalmente árido ou semiárido, subtropical ao longo da costa do Caspian"
200000,Terremoto Tabriz de 1780,Irã,08-01-1780,Terremotos,08-01-1780,08,01,1780,"Oriente Médio, na fronteira com o Golfo de Omã, o Golfo Pérsico e o Mar Cáspio, entre o Iraque e o Paquistão","32.0, 53.0",Médio Oriente,1648195.0,1531595.0,116600.0,"Principalmente árido ou semiárido, subtropical ao longo da costa do Caspian"
1850,Incêndio Peshtigo,Estados Unidos,08-10-1871,Incêndios florestais,08-10-1871,08,10,1871,"América do Norte, na fronteira com o Oceano Atlântico Norte e o Oceano Pacífico Norte, entre o Canadá e o México","38.0, -97.0",América do Norte,9833517.0,9147593.0,685924.0,"Principalmente temperado, mas tropical no Havaí e na Flórida, Ártico no Alasca, semiárido nas Grandes Planícies a oeste do rio Mississippi e árida na Grande Bacia do Sudoeste;As baixas temperaturas do inverno no noroeste são melhoradas ocasionalmente em janeiro e fevereiro por ventos quentes de chinook das encostas orientais das montanhas rochosas

Nota: Muitos consideram o Monte McKinley, o pico mais alto dos Estados Unidos, como a montanha mais fria do mundo por causa de sua combinação de alta elevação e sua localização subártica a 63 graus de latitude norte;Tampa permanente de neve e gelo mais de 75 % da montanha e enormes geleiras, até 45 milhas de comprimento e 3.700 pés de espessura, aranha fora de sua base em todas as direções;É o lar de alguns dos clima mais frio e violento do mundo, onde foram registrados ventos de mais de 150 milhas por hora e temperaturas de -93˚F."
1200,Incêndio Kursha-2,União Soviética,03-08-1936,Incêndios florestais,03-08-1936,03,08,1936,,,,,,,
453,Incêndio Cloquet,Estados Unidos,12-10-1918,Incêndios florestais,12-10-1918,12,10,1918,"América do Norte, na fronteira com o Oceano Atlântico Norte e o Oceano Pacífico Norte, entre o Canadá e o México","38.0, -97.0",América do Norte,9833517.0,9147593.0,685924.0,"Principalmente temperado, mas tropical no Havaí e na Flórida, Ártico no Alasca, semiárido nas Grandes Planícies a oeste do rio Mississippi e árida na Grande Bacia do Sudoeste;As baixas temperaturas do inverno no noroeste são melhoradas ocasionalmente em janeiro e fevereiro por ventos quentes de chinook das encostas orientais das montanhas rochosas

Nota: Muitos consideram o Monte McKinley, o pico mais alto dos Estados Unidos, como a montanha mais fria do mundo por causa de sua combinação de alta elevação e sua localização subártica a 63 graus de latitude norte;Tampa permanente de neve e gelo mais de 75 % da montanha e enormes geleiras, até 45 milhas de comprimento e 3.700 pés de espessura, aranha fora de sua base em todas as direções;É o lar de alguns dos clima mais frio e violento do mundo, onde foram registrados ventos de mais de 150 milhas por hora e temperaturas de -93˚F."
418,Grande Fogo Hinckley,Estados Unidos,01-09-1894,Incêndios florestais,01-09-1894,01,09,1894,"América do Norte, na fronteira com o Oceano Atlântico Norte e o Oceano Pacífico Norte, entre o Canadá e o México","38.0, -97.0",América do Norte,9833517.0,9147593.0,685924.0,"Principalmente temperado, mas tropical no Havaí e na Flórida, Ártico no Alasca, semiárido nas Grandes Planícies a oeste do rio Mississippi e árida na Grande Bacia do Sudoeste;As baixas temperaturas do inverno no noroeste são melhoradas ocasionalmente em janeiro e fevereiro por ventos quentes de chinook das encostas orientais das montanhas rochosas

Nota: Muitos consideram o Monte McKinley, o pico mais alto dos Estados Unidos, como a montanha mais fria do mundo por causa de sua combinação de alta elevação e sua localização subártica a 63 graus de latitude norte;Tampa permanente de neve e gelo mais de 75 % da montanha e enormes geleiras, até 45 milhas de comprimento e 3.700 pés de espessura, aranha fora de sua base em todas as direções;É o lar de alguns dos clima mais frio e violento do mundo, onde foram registrados ventos de mais de 150 milhas por hora e temperaturas de -93˚F."
282,Incêndio Thumb,Estados Unidos,05-09-1881,Incêndios florestais,05-09-1881,05,09,1881,"América do Norte, na fronteira com o Oceano Atlântico Norte e o Oceano Pacífico Norte, entre o Canadá e o México","38.0, -97.0",América do Norte,9833517.0,9147593.0,685924.0,"Principalmente temperado, mas tropical no Havaí e na Flórida, Ártico no Alasca, semiárido nas Grandes Planícies a oeste do rio Mississippi e árida na Grande Bacia do Sudoeste;As baixas temperaturas do inverno no noroeste são melhoradas ocasionalmente em janeiro e fevereiro por ventos quentes de chinook das encostas orientais das montanhas rochosas

Nota: Muitos consideram o Monte McKinley, o pico mais alto dos Estados Unidos, como a montanha mais fria do mundo por causa de sua combinação de alta elevação e sua localização subártica a 63 graus de latitude norte;Tampa permanente de neve e gelo mais de 75 % da montanha e enormes geleiras, até 45 milhas de comprimento e 3.700 pés de espessura, aranha fora de sua base em todas as direções;É o lar de alguns dos clima mais frio e violento do mundo, onde foram registrados ventos de mais de 150 milhas por hora e temperaturas de -93˚F."
240,Incêndios florestais na Indonésia em 1997,Indonésia,00-09-1997,Incêndios florestais,01-09-1997,,09,1997,"Sudeste da Ásia, arquipélago entre o Oceano Índico e o Oceano Pacífico","-5.0, 120.0",Sudeste Asiático,1904569.0,1811569.0,93000.0,"tropical;quente, úmido;mais moderado em terras altas"
223,Incêndio Matheson,Canadá,29-07-1916,Incêndios florestais,29-07-1916,29,07,1916,"Norte da América do Norte, na fronteira com o Oceano Atlântico Norte, a leste, o Oceano Pacífico Norte, a oeste e o Oceano Ártico, ao norte, norte do Conterminoso EUA","60.0, -95.0",América do Norte,9984670.0,9093507.0,891163.0,varia de temperado no sul para subártico e ártico no norte
191,Fogo do Dragão Negro,"China, União Soviética",01-05-1987,Incêndios florestais,01-05-1987,01,05,1987,,,,,,,
173,Black Saturday Bushfires,Austrália,07-02-1009,Incêndios florestais,07-02-1009,07,02,1009,"Oceania, continente entre o Oceano Índico e o Oceano Pacífico Sul","-27.0, 133.0",Oceânia,7741220.0,7682300.0,58920.0,geralmente árido para semiário;temperado no sul e leste;tropical no norte
230,Incêndio Miramichi,Canadá,07-10-1825,Incêndios florestais,07-10-1825,07,10,1825,"Norte da América do Norte, na fronteira com o Oceano Atlântico Norte, a leste, o Oceano Pacífico Norte, a oeste e o Oceano Ártico, ao norte, norte do Conterminoso EUA","60.0, -95.0",América do Norte,9984670.0,9093507.0,891163.0,varia de temperado no sul para subártico e ártico no norte
100000,Deslizamento da barragem do rio Dadu; desencadeada pelo terremoto Kangding-Luding de 1786,China,00-00-1786,Deslizamentos e avalanches,01-01-1786,,,1786,"Oriental Ásia, na fronteira com o Mar da China Oriental, Baía da Coréia, Mar Amarelo e Mar da China Meridional, entre a Coréia do Norte e o Vietnã","35.0, 105.0",Ásia,9596960.0,9326410.0,270550.0,extremamente diversificado;tropical no sul para a subártica no norte
100000,Deslizamentos de terra em 1920 em Haiyuan; desencadeados pelo terremoto Haiyuan de 1920,China,00-00-1920,Deslizamentos e avalanches,01-01-1920,,,1920,"Oriental Ásia, na fronteira com o Mar da China Oriental, Baía da Coréia, Mar Amarelo e Mar da China Meridional, entre a Coréia do Norte e o Vietnã","35.0, 105.0",Ásia,9596960.0,9326410.0,270550.0,extremamente diversificado;tropical no sul para a subártica no norte
22000,Avalanche de Huascarán em 1970; desencadeada pelo terremoto Ancash de 1970,Peru,00-00-1970,Deslizamentos e avalanches,01-01-1970,,,1970,"América do Sul Ocidental, na fronteira com o Oceano Pacífico Sul, entre Chile e Equador","-10.0, -76.0",Ámérica do Sul,1285216.0,1279996.0,5220.0,varia de tropical no leste a deserto seco no oeste;temperado a frígido em Andes
20000,Tragédia de Vargas,Venezuela,00-00-1999,Deslizamentos e avalanches,01-01-1999,,,1999,"Norte da América do Sul, na fronteira com o Mar do Caribe e o Oceano Atlântico Norte, entre a Colômbia e a Guiana","8.0, -66.0",Ámérica do Sul,912050.0,882050.0,30000.0,"tropical;quente, úmido;mais moderado em terras altas"
10000,Avalanches de White Friday,Itália,00-00-1916,Deslizamentos e avalanches,01-01-1916,,,1916,"Sul da Europa, uma península que se estende ao Mar Mediterrâneo Central, a nordeste da Tunísia","42.5, 12.5",Europa,301340.0,294140.0,7200.0,"predominantemente mediterrâneo;alpino no extremo norte;Quente, seco no sul"
16500,Deslizamento de terra de Khait,Tajiquistão,00-00-1949,Deslizamentos e avalanches,01-01-1949,,,1949,"Ásia Central, oeste da China, ao sul do Quirguistão","39.0, 71.0",Ásia,144100.0,141510.0,2590.0,"Continental de latitude média, verões quentes, invernos leves;semiário para polar nas montanhas Pamir"
5000,Avalanche de Huaraz 1941,Peru,00-00-1941,Deslizamentos e avalanches,01-01-1941,,,1941,"América do Sul Ocidental, na fronteira com o Oceano Pacífico Sul, entre Chile e Equador","-10.0, -76.0",Ámérica do Sul,1285216.0,1279996.0,5220.0,varia de tropical no leste a deserto seco no oeste;temperado a frígido em Andes
4000,Avalanche de Huascarán em 1962,Peru,00-00-1962,Deslizamentos e avalanches,01-01-1962,,,1962,"América do Sul Ocidental, na fronteira com o Oceano Pacífico Sul, entre Chile e Equador","-10.0, -76.0",Ámérica do Sul,1285216.0,1279996.0,5220.0,varia de tropical no leste a deserto seco no oeste;temperado a frígido em Andes
3466,1310 Deslizamento de terra em Hubei Ocidental,China,00-00-1310,Deslizamentos e avalanches,01-01-1310,,,1310,"Oriental Ásia, na fronteira com o Mar da China Oriental, Baía da Coréia, Mar Amarelo e Mar da China Meridional, entre a Coréia do Norte e o Vietnã","35.0, 105.0",Ásia,9596960.0,9326410.0,270550.0,extremamente diversificado;tropical no sul para a subártica no norte
3429,Deslizamentos de terra em Diexi em 1933,China,00-00-1933,Deslizamentos e avalanches,01-01-1933,,,1933,"Oriental Ásia, na fronteira com o Mar da China Oriental, Baía da Coréia, Mar Amarelo e Mar da China Meridional, entre a Coréia do Norte e o Vietnã","35.0, 105.0",Ásia,9596960.0,9326410.0,270550.0,extremamente diversificado;tropical no sul para a subártica no norte
4000,Tempestade de neve no Irã de 1972,Irã,00-00-1972,Nevascas,01-01-1972,,,1972,"Oriente Médio, na fronteira com o Golfo de Omã, o Golfo Pérsico e o Mar Cáspio, entre o Iraque e o Paquistão","32.0, 53.0",Médio Oriente,1648195.0,1531595.0,116600.0,"Principalmente árido ou semiárido, subtropical ao longo da costa do Caspian"
3000,Marcha da Morte Caroleana,Noruega,00-00-1719,Nevascas,01-01-1719,,,1719,"Norte da Europa, na fronteira com o Mar do Norte e o Oceano Atlântico Norte, oeste da Suécia","62.0, 10.0",Europa,323802.0,304282.0,19520.0,"temperado ao longo da costa, modificado pela corrente do Atlântico Norte;interior mais frio com aumento da precipitação e verões mais frios;Chuva o ano todo na costa oeste"
926,Tempestade de neve no Afeganistão de 2008,Afeganistão,00-00-2008,Nevascas,01-01-2008,,,2008,"Sul da Ásia, norte e oeste do Paquistão, leste do Irã","33.0, 65.0",Ásia,652230.0,652230.0,0.0,árido para semiário;invernos frios e verões quentes
400,Grande nevasca de 1888,Estados Unidos,00-00-1888,Nevascas,01-01-1888,,,1888,"América do Norte, na fronteira com o Oceano Atlântico Norte e o Oceano Pacífico Norte, entre o Canadá e o México","38.0, -97.0",América do Norte,9833517.0,9147593.0,685924.0,"Principalmente temperado, mas tropical no Havaí e na Flórida, Ártico no Alasca, semiárido nas Grandes Planícies a oeste do rio Mississippi e árida na Grande Bacia do Sudoeste;As baixas temperaturas do inverno no noroeste são melhoradas ocasionalmente em janeiro e fevereiro por ventos quentes de chinook das encostas orientais das montanhas rochosas

Nota: Muitos consideram o Monte McKinley, o pico mais alto dos Estados Unidos, como a montanha mais fria do mundo por causa de sua combinação de alta elevação e sua localização subártica a 63 graus de latitude norte;Tampa permanente de neve e gelo mais de 75 % da montanha e enormes geleiras, até 45 milhas de comprimento e 3.700 pés de espessura, aranha fora de sua base em todas as direções;É o lar de alguns dos clima mais frio e violento do mundo, onde foram registrados ventos de mais de 150 milhas por hora e temperaturas de -93˚F."
353,Grande Tempestade Apalachiana de 1950,Estados Unidos,00-00-1950,Nevascas,01-01-1950,,,1950,"América do Norte, na fronteira com o Oceano Atlântico Norte e o Oceano Pacífico Norte, entre o Canadá e o México","38.0, -97.0",América do Norte,9833517.0,9147593.0,685924.0,"Principalmente temperado, mas tropical no Havaí e na Flórida, Ártico no Alasca, semiárido nas Grandes Planícies a oeste do rio Mississippi e árida na Grande Bacia do Sudoeste;As baixas temperaturas do inverno no noroeste são melhoradas ocasionalmente em janeiro e fevereiro por ventos quentes de chinook das encostas orientais das montanhas rochosas

Nota: Muitos consideram o Monte McKinley, o pico mais alto dos Estados Unidos, como a montanha mais fria do mundo por causa de sua combinação de alta elevação e sua localização subártica a 63 graus de latitude norte;Tampa permanente de neve e gelo mais de 75 % da montanha e enormes geleiras, até 45 milhas de comprimento e 3.700 pés de espessura, aranha fora de sua base em todas as direções;É o lar de alguns dos clima mais frio e violento do mundo, onde foram registrados ventos de mais de 150 milhas por hora e temperaturas de -93˚F."
318,Tempestade do Século de 1993,Estados Unidos,00-00-1993,Nevascas,01-01-1993,,,1993,"América do Norte, na fronteira com o Oceano Atlântico Norte e o Oceano Pacífico Norte, entre o Canadá e o México","38.0, -97.0",América do Norte,9833517.0,9147593.0,685924.0,"Principalmente temperado, mas tropical no Havaí e na Flórida, Ártico no Alasca, semiárido nas Grandes Planícies a oeste do rio Mississippi e árida na Grande Bacia do Sudoeste;As baixas temperaturas do inverno no noroeste são melhoradas ocasionalmente em janeiro e fevereiro por ventos quentes de chinook das encostas orientais das montanhas rochosas

Nota: Muitos consideram o Monte McKinley, o pico mais alto dos Estados Unidos, como a montanha mais fria do mundo por causa de sua combinação de alta elevação e sua localização subártica a 63 graus de latitude norte;Tampa permanente de neve e gelo mais de 75 % da montanha e enormes geleiras, até 45 milhas de comprimento e 3.700 pés de espessura, aranha fora de sua base em todas as direções;É o lar de alguns dos clima mais frio e violento do mundo, onde foram registrados ventos de mais de 150 milhas por hora e temperaturas de -93˚F."
286,Dezembro de 1960 no nordeste,Estados Unidos,00-00-1960,Nevascas,01-01-1960,,,1960,"América do Norte, na fronteira com o Oceano Atlântico Norte e o Oceano Pacífico Norte, entre o Canadá e o México","38.0, -97.0",América do Norte,9833517.0,9147593.0,685924.0,"Principalmente temperado, mas tropical no Havaí e na Flórida, Ártico no Alasca, semiárido nas Grandes Planícies a oeste do rio Mississippi e árida na Grande Bacia do Sudoeste;As baixas temperaturas do inverno no noroeste são melhoradas ocasionalmente em janeiro e fevereiro por ventos quentes de chinook das encostas orientais das montanhas rochosas

Nota: Muitos consideram o Monte McKinley, o pico mais alto dos Estados Unidos, como a montanha mais fria do mundo por causa de sua combinação de alta elevação e sua localização subártica a 63 graus de latitude norte;Tampa permanente de neve e gelo mais de 75 % da montanha e enormes geleiras, até 45 milhas de comprimento e 3.700 pés de espessura, aranha fora de sua base em todas as direções;É o lar de alguns dos clima mais frio e violento do mundo, onde foram registrados ventos de mais de 150 milhas por hora e temperaturas de -93˚F."
250,Tempestade nos Grandes Lagos de 1913,"Estados Unidos, Canadá",00-00-1913,Nevascas,01-01-1913,,,1913,,,,,,,
235,Nevasca na escola,Estados Unidos,00-00-1888,Nevascas,01-01-1888,,,1888,"América do Norte, na fronteira com o Oceano Atlântico Norte e o Oceano Pacífico Norte, entre o Canadá e o México","38.0, -97.0",América do Norte,9833517.0,9147593.0,685924.0,"Principalmente temperado, mas tropical no Havaí e na Flórida, Ártico no Alasca, semiárido nas Grandes Planícies a oeste do rio Mississippi e árida na Grande Bacia do Sudoeste;As baixas temperaturas do inverno no noroeste são melhoradas ocasionalmente em janeiro e fevereiro por ventos quentes de chinook das encostas orientais das montanhas rochosas

Nota: Muitos consideram o Monte McKinley, o pico mais alto dos Estados Unidos, como a montanha mais fria do mundo por causa de sua combinação de alta elevação e sua localização subártica a 63 graus de latitude norte;Tampa permanente de neve e gelo mais de 75 % da montanha e enormes geleiras, até 45 milhas de comprimento e 3.700 pés de espessura, aranha fora de sua base em todas as direções;É o lar de alguns dos clima mais frio e violento do mundo, onde foram registrados ventos de mais de 150 milhas por hora e temperaturas de -93˚F."
201,Tempestade de neve norte-americana de 1966,Estados Unidos,00-00-1966,Nevascas,01-01-1966,,,1966,"América do Norte, na fronteira com o Oceano Atlântico Norte e o Oceano Pacífico Norte, entre o Canadá e o México","38.0, -97.0",América do Norte,9833517.0,9147593.0,685924.0,"Principalmente temperado, mas tropical no Havaí e na Flórida, Ártico no Alasca, semiárido nas Grandes Planícies a oeste do rio Mississippi e árida na Grande Bacia do Sudoeste;As baixas temperaturas do inverno no noroeste são melhoradas ocasionalmente em janeiro e fevereiro por ventos quentes de chinook das encostas orientais das montanhas rochosas

Nota: Muitos consideram o Monte McKinley, o pico mais alto dos Estados Unidos, como a montanha mais fria do mundo por causa de sua combinação de alta elevação e sua localização subártica a 63 graus de latitude norte;Tampa permanente de neve e gelo mais de 75 % da montanha e enormes geleiras, até 45 milhas de comprimento e 3.700 pés de espessura, aranha fora de sua base em todas as direções;É o lar de alguns dos clima mais frio e violento do mundo, onde foram registrados ventos de mais de 150 milhas por hora e temperaturas de -93˚F."
2200000,Inundações na China de 1931,China,00-00-1931,Enchentes,01-01-1931,,,1931,"Oriental Ásia, na fronteira com o Mar da China Oriental, Baía da Coréia, Mar Amarelo e Mar da China Meridional, entre a Coréia do Norte e o Vietnã","35.0, 105.0",Ásia,9596960.0,9326410.0,270550.0,extremamente diversificado;tropical no sul para a subártica no norte
1450000,Inundação do Rio Amarelo (Huang He) de 1887,China,00-00-1887,Enchentes,01-01-1887,,,1887,"Oriental Ásia, na fronteira com o Mar da China Oriental, Baía da Coréia, Mar Amarelo e Mar da China Meridional, entre a Coréia do Norte e o Vietnã","35.0, 105.0",Ásia,9596960.0,9326410.0,270550.0,extremamente diversificado;tropical no sul para a subártica no norte
230000,Ruptura da Barragem Banqiao em 1975,China,00-00-1975,Enchentes,01-01-1975,,,1975,"Oriental Ásia, na fronteira com o Mar da China Oriental, Baía da Coréia, Mar Amarelo e Mar da China Meridional, entre a Coréia do Norte e o Vietnã","35.0, 105.0",Ásia,9596960.0,9326410.0,270550.0,extremamente diversificado;tropical no sul para a subártica no norte
145000,Inundação de Yangtze de 1935,China,00-00-1935,Enchentes,01-01-1935,,,1935,"Oriental Ásia, na fronteira com o Mar da China Oriental, Baía da Coréia, Mar Amarelo e Mar da China Meridional, entre a Coréia do Norte e o Vietnã","35.0, 105.0",Ásia,9596960.0,9326410.0,270550.0,extremamente diversificado;tropical no sul para a subártica no norte
100000,"Inundação de São Félix, tempestade",sagrado Império Romano,00-00-1530,Enchentes,01-01-1530,,,1530,,,,,,,
100000,Inundação do Rio Yangtze em 1911,China,00-00-1911,Enchentes,01-01-1911,,,1911,"Oriental Ásia, na fronteira com o Mar da China Oriental, Baía da Coréia, Mar Amarelo e Mar da China Meridional, entre a Coréia do Norte e o Vietnã","35.0, 105.0",Ásia,9596960.0,9326410.0,270550.0,extremamente diversificado;tropical no sul para a subártica no norte
100000,A enchente de 1099,"Holanda, Inglaterra",00-00-1099,Enchentes,01-01-1099,,,1099,,,,,,,
65000,"Inundação de Santa Lúcia, tempestade",sagrado Império Romano,00-00-1287,Enchentes,01-01-1287,,,1287,,,,,,,
60000,"Inundação do Mar do Norte, tempestade",sagrado Império Romano,00-00-1212,Enchentes,01-01-1212,,,1212,,,,,,,
70000,Onda de calor europeia de 2003,Europa,00-00-2003,Ondas de calor,01-01-2003,,,2003,"Europa entre o Oceano Atlântico Norte, no oeste e a Rússia, Bielorrússia e Ucrânia, a leste",,Europa,4236351.0,,,temperado frio;potencialmente subártico no norte para temperado;invernos molhados leves;Verões a seco quente no sul
56000,Onda de calor russa de 2010,Rússia,00-00-2010,Ondas de calor,01-01-2010,,,2010,"Norte da Ásia na fronteira com o Oceano Ártico, estendendo -se da Europa Oriental (a porção a oeste dos Urais) ao Oceano Pacífico Norte","60.0, 100.0",Ásia,17098242.0,16377742.0,720500.0,"varia de estepes no sul até a úmida continental em grande parte da Rússia européia;Subártico na Sibéria ao clima da tundra no norte polar;Os invernos variam de frio ao longo da costa do Mar Negro a Frígide, na Sibéria;Os verões variam de quente nas estepes para esfriar ao longo da costa do Ártico"
9500,Onda de calor de 1901 no leste dos Estados Unidos,Estados Unidos,00-00-1901,Ondas de calor,01-01-1901,,,1901,"América do Norte, na fronteira com o Oceano Atlântico Norte e o Oceano Pacífico Norte, entre o Canadá e o México","38.0, -97.0",América do Norte,9833517.0,9147593.0,685924.0,"Principalmente temperado, mas tropical no Havaí e na Flórida, Ártico no Alasca, semiárido nas Grandes Planícies a oeste do rio Mississippi e árida na Grande Bacia do Sudoeste;As baixas temperaturas do inverno no noroeste são melhoradas ocasionalmente em janeiro e fevereiro por ventos quentes de chinook das encostas orientais das montanhas rochosas

Nota: Muitos consideram o Monte McKinley, o pico mais alto dos Estados Unidos, como a montanha mais fria do mundo por causa de sua combinação de alta elevação e sua localização subártica a 63 graus de latitude norte;Tampa permanente de neve e gelo mais de 75 % da montanha e enormes geleiras, até 45 milhas de comprimento e 3.700 pés de espessura, aranha fora de sua base em todas as direções;É o lar de alguns dos clima mais frio e violento do mundo, onde foram registrados ventos de mais de 150 milhas por hora e temperaturas de -93˚F."
7500,Onda de calor nos Estados Unidos em 1988,Estados Unidos,00-00-1988,Ondas de calor,01-01-1988,,,1988,"América do Norte, na fronteira com o Oceano Atlântico Norte e o Oceano Pacífico Norte, entre o Canadá e o México","38.0, -97.0",América do Norte,9833517.0,9147593.0,685924.0,"Principalmente temperado, mas tropical no Havaí e na Flórida, Ártico no Alasca, semiárido nas Grandes Planícies a oeste do rio Mississippi e árida na Grande Bacia do Sudoeste;As baixas temperaturas do inverno no noroeste são melhoradas ocasionalmente em janeiro e fevereiro por ventos quentes de chinook das encostas orientais das montanhas rochosas

Nota: Muitos consideram o Monte McKinley, o pico mais alto dos Estados Unidos, como a montanha mais fria do mundo por causa de sua combinação de alta elevação e sua localização subártica a 63 graus de latitude norte;Tampa permanente de neve e gelo mais de 75 % da montanha e enormes geleiras, até 45 milhas de comprimento e 3.700 pés de espessura, aranha fora de sua base em todas as direções;É o lar de alguns dos clima mais frio e violento do mundo, onde foram registrados ventos de mais de 150 milhas por hora e temperaturas de -93˚F."
3418,Onda de calor europeia de 2006,Europa,00-00-2006,Ondas de calor,01-01-2006,,,2006,"Europa entre o Oceano Atlântico Norte, no oeste e a Rússia, Bielorrússia e Ucrânia, a leste",,Europa,4236351.0,,,temperado frio;potencialmente subártico no norte para temperado;invernos molhados leves;Verões a seco quente no sul
2541,Onda de calor na Índia em 1998,Índia,00-00-1998,Ondas de calor,01-01-1998,,,1998,"Sul da Ásia, na fronteira com o Mar da Arábia e a Baía de Bengala, entre a Birmânia e o Paquistão","20.0, 77.0",Ásia,3287263.0,2973193.0,314070.0,varia de monção tropical no sul a temperado no norte
2500,Onda de calor indiana 2015,Índia,00-00-2015,Ondas de calor,01-01-2015,,,2015,"Sul da Ásia, na fronteira com o Mar da Arábia e a Baía de Bengala, entre a Birmânia e o Paquistão","20.0, 77.0",Ásia,3287263.0,2973193.0,314070.0,varia de monção tropical no sul a temperado no norte
2000,Onda de calor no Paquistão 2015,Paquistão,00-00-2015,Ondas de calor,01-01-2015,,,2015,"Sul da Ásia, na fronteira com o Mar da Arábia, entre a Índia, a leste e o Irã e o Afeganistão, no oeste e a China, no norte","30.0, 70.0",Ásia,796095.0,770875.0,25220.0,Principalmente deserto quente e seco;temperado no noroeste;Ártico no norte
3350,Onda de calor nos Estados Unidos em 1980,Estados Unidos,00-00-1980,Ondas de calor,01-01-1980,,,1980,"América do Norte, na fronteira com o Oceano Atlântico Norte e o Oceano Pacífico Norte, entre o Canadá e o México","38.0, -97.0",América do Norte,9833517.0,9147593.0,685924.0,"Principalmente temperado, mas tropical no Havaí e na Flórida, Ártico no Alasca, semiárido nas Grandes Planícies a oeste do rio Mississippi e árida na Grande Bacia do Sudoeste;As baixas temperaturas do inverno no noroeste são melhoradas ocasionalmente em janeiro e fevereiro por ventos quentes de chinook das encostas orientais das montanhas rochosas

Nota: Muitos consideram o Monte McKinley, o pico mais alto dos Estados Unidos, como a montanha mais fria do mundo por causa de sua combinação de alta elevação e sua localização subártica a 63 graus de latitude norte;Tampa permanente de neve e gelo mais de 75 % da montanha e enormes geleiras, até 45 milhas de comprimento e 3.700 pés de espessura, aranha fora de sua base em todas as direções;É o lar de alguns dos clima mais frio e violento do mundo, onde foram registrados ventos de mais de 150 milhas por hora e temperaturas de -93˚F."
1718,Onda de calor japonesa de 2010,Japão,00-00-2010,Ondas de calor,01-01-2010,,,2010,"Oriental Ásia, cadeia de ilhas entre o Oceano Pacífico Norte e o Mar do Japão, a leste da Península Coreana","36.0, 138.0",Ásia,377915.0,364485.0,13430.0,varia de tropical no sul para frio temperado no norte
13,O tornado Daulatpur – Saturia,Bangladesh,00-00-1989,Tornados,01-01-1989,,,1989,"Sul da Ásia, na fronteira com a Baía de Bengala, entre a Birmânia e a Índia","24.0, 90.0",Ásia,148460.0,130170.0,18290.0,tropical;inverno leve (outubro a março);verão quente e úmido (março a junho);Monção úmida e quente chuvosa (junho a outubro)
6950,O surto de tornado Tri-State,Estados Unidos,00-00-1925,Tornados,01-01-1925,,,1925,"América do Norte, na fronteira com o Oceano Atlântico Norte e o Oceano Pacífico Norte, entre o Canadá e o México","38.0, -97.0",América do Norte,9833517.0,9147593.0,685924.0,"Principalmente temperado, mas tropical no Havaí e na Flórida, Ártico no Alasca, semiárido nas Grandes Planícies a oeste do rio Mississippi e árida na Grande Bacia do Sudoeste;As baixas temperaturas do inverno no noroeste são melhoradas ocasionalmente em janeiro e fevereiro por ventos quentes de chinook das encostas orientais das montanhas rochosas

Nota: Muitos consideram o Monte McKinley, o pico mais alto dos Estados Unidos, como a montanha mais fria do mundo por causa de sua combinação de alta elevação e sua localização subártica a 63 graus de latitude norte;Tampa permanente de neve e gelo mais de 75 % da montanha e enormes geleiras, até 45 milhas de comprimento e 3.700 pés de espessura, aranha fora de sua base em todas as direções;É o lar de alguns dos clima mais frio e violento do mundo, onde foram registrados ventos de mais de 150 milhas por hora e temperaturas de -93˚F."
6810,Tornado Dhaka 1973,Bangladesh,00-00-1973,Tornados,01-01-1973,,,1973,"Sul da Ásia, na fronteira com a Baía de Bengala, entre a Birmânia e a Índia","24.0, 90.0",Ásia,148460.0,130170.0,18290.0,tropical;inverno leve (outubro a março);verão quente e úmido (março a junho);Monção úmida e quente chuvosa (junho a outubro)
6600,Tornado do Paquistão Oriental de 1969,Bangladesh,00-00-1969,Tornados,01-01-1969,,,1969,"Sul da Ásia, na fronteira com a Baía de Bengala, entre a Birmânia e a Índia","24.0, 90.0",Ásia,148460.0,130170.0,18290.0,tropical;inverno leve (outubro a março);verão quente e úmido (março a junho);Monção úmida e quente chuvosa (junho a outubro)
6000,"O tornado Valletta, Malta",Malta,00-00-1551,Tornados,01-01-1551,,,1551,"Sul da Europa, ilhas no Mar Mediterrâneo, ao sul da Sicília (Itália)","35.5, 14.35",Europa,316.0,316.0,0.0,Mediterrâneo;invernos leves e chuvosos;Verões quentes e secos
5000,Os Tornados da Sicília,Itália,00-00-1851,Tornados,01-01-1851,,,1851,"Sul da Europa, uma península que se estende ao Mar Mediterrâneo Central, a nordeste da Tunísia","42.5, 12.5",Europa,301340.0,294140.0,7200.0,"predominantemente mediterrâneo;alpino no extremo norte;Quente, seco no sul"
5000,Tornado Narail-Magura,Bangladesh,00-00-1964,Tornados,01-01-1964,,,1964,"Sul da Ásia, na fronteira com a Baía de Bengala, entre a Birmânia e a Índia","24.0, 90.0",Ásia,148460.0,130170.0,18290.0,tropical;inverno leve (outubro a março);verão quente e úmido (março a junho);Monção úmida e quente chuvosa (junho a outubro)
5000,Tornado Madaripur-Shibchar,Bangladesh,00-00-1977,Tornados,01-01-1977,,,1977,"Sul da Ásia, na fronteira com a Baía de Bengala, entre a Birmânia e a Índia","24.0, 90.0",Ásia,148460.0,130170.0,18290.0,tropical;inverno leve (outubro a março);verão quente e úmido (março a junho);Monção úmida e quente chuvosa (junho a outubro)
4000,O surto de tornado da União Soviética em 1984,Rússia,00-00-1984,Tornados,01-01-1984,,,1984,"Norte da Ásia na fronteira com o Oceano Ártico, estendendo -se da Europa Oriental (a porção a oeste dos Urais) ao Oceano Pacífico Norte","60.0, 100.0",Ásia,17098242.0,16377742.0,720500.0,"varia de estepes no sul até a úmida continental em grande parte da Rússia européia;Subártico na Sibéria ao clima da tundra no norte polar;Os invernos variam de frio ao longo da costa do Mar Negro a Frígide, na Sibéria;Os verões variam de quente nas estepes para esfriar ao longo da costa do Ártico"
3170,O Grande Tornado Natchez,Estados Unidos,00-00-1840,Tornados,01-01-1840,,,1840,"América do Norte, na fronteira com o Oceano Atlântico Norte e o Oceano Pacífico Norte, entre o Canadá e o México","38.0, -97.0",América do Norte,9833517.0,9147593.0,685924.0,"Principalmente temperado, mas tropical no Havaí e na Flórida, Ártico no Alasca, semiárido nas Grandes Planícies a oeste do rio Mississippi e árida na Grande Bacia do Sudoeste;As baixas temperaturas do inverno no noroeste são melhoradas ocasionalmente em janeiro e fevereiro por ventos quentes de chinook das encostas orientais das montanhas rochosas

Nota: Muitos consideram o Monte McKinley, o pico mais alto dos Estados Unidos, como a montanha mais fria do mundo por causa de sua combinação de alta elevação e sua localização subártica a 63 graus de latitude norte;Tampa permanente de neve e gelo mais de 75 % da montanha e enormes geleiras, até 45 milhas de comprimento e 3.700 pés de espessura, aranha fora de sua base em todas as direções;É o lar de alguns dos clima mais frio e violento do mundo, onde foram registrados ventos de mais de 150 milhas por hora e temperaturas de -93˚F."
227898,Tsunami do Oceano Índico de 2004,oceano Índico,26-12-2004,Tsunamis,26-12-2004,26,12,2004,,,,,,,
123000,Terremoto de 1908 em Messina,Itália,28-12-1908,Tsunamis,28-12-1908,28,12,1908,"Sul da Europa, uma península que se estende ao Mar Mediterrâneo Central, a nordeste da Tunísia","42.5, 12.5",Europa,301340.0,294140.0,7200.0,"predominantemente mediterrâneo;alpino no extremo norte;Quente, seco no sul"
78208,Erupção de 1883 do Krakatoa,Indonésia,26-08-1883,Tsunamis,26-08-1883,26,08,1883,"Sudeste da Ásia, arquipélago entre o Oceano Índico e o Oceano Pacífico","-5.0, 120.0",Sudeste Asiático,1904569.0,1811569.0,93000.0,"tropical;quente, úmido;mais moderado em terras altas"
45000,Terremoto de 1755 em Lisboa,Portugal,01-11-1755,Tsunamis,01-11-1755,01,11,1755,"Sudoeste da Europa, na fronteira com o Oceano Atlântico Norte, oeste da Espanha","39.3, -8.0",Europa,92090.0,91470.0,620.0,"temperado marítimo;fresco e chuvoso no norte, mais quente e seco no sul"
65000,Erupção minóica,Grécia,,Tsunamis,,,,,"Sul da Europa, na fronteira com o mar do mar Egeu, o Mar de Ioniano e o Mar Mediterrâneo, entre a Albânia e a Turquia","39.0, 22.0",Europa,131957.0,130647.0,1310.0,temperado;invernos leves e úmidos;Verões quentes e secos
31000,Terremoto Meiō 1498,Japão,20-09-1498,Tsunamis,20-09-1498,20,09,1498,"Oriental Ásia, cadeia de ilhas entre o Oceano Pacífico Norte e o Mar do Japão, a leste da Península Coreana","36.0, 138.0",Ásia,377915.0,364485.0,13430.0,varia de tropical no sul para frio temperado no norte
30000,Terremoto Hōei de 1707,Japão,28-10-1707,Tsunamis,28-10-1707,28,10,1707,"Oriental Ásia, cadeia de ilhas entre o Oceano Pacífico Norte e o Mar do Japão, a leste da Península Coreana","36.0, 138.0",Ásia,377915.0,364485.0,13430.0,varia de tropical no sul para frio temperado no norte
27122,Terremoto Sanriku de 1896,Japão,15-06-1896,Tsunamis,15-06-1896,15,06,1896,"Oriental Ásia, cadeia de ilhas entre o Oceano Pacífico Norte e o Mar do Japão, a leste da Península Coreana","36.0, 138.0",Ásia,377915.0,364485.0,13430.0,varia de tropical no sul para frio temperado no norte
25674,Terremoto de Arica de 1868,Chile,13-08-1868,Tsunamis,13-08-1868,13,08,1868,"América do sul do sul, na fronteira com o Oceano Pacífico Sul, entre Argentina e Peru","-30.0, -71.0",Ámérica do Sul,756102.0,743812.0,12290.0,temperado;deserto no norte;Mediterrâneo na região central;Cool e úmido no sul
27850,Terremoto em Creta 365,Grécia,21-07-365,Tsunamis,21-07-365,21,07,365,"Sul da Europa, na fronteira com o mar do mar Egeu, o Mar de Ioniano e o Mar Mediterrâneo, entre a Albânia e a Turquia","39.0, 22.0",Europa,131957.0,130647.0,1310.0,temperado;invernos leves e úmidos;Verões quentes e secos
71000,Erupção de 1815 do Monte Tambora (ver também Ano Sem Verão),Indonésia,10-04-1815,Erupções vulcânicas,10-04-1815,10,04,1815,"Sudeste da Ásia, arquipélago entre o Oceano Índico e o Oceano Pacífico","-5.0, 120.0",Sudeste Asiático,1904569.0,1811569.0,93000.0,"tropical;quente, úmido;mais moderado em terras altas"
36000,Erupção de 1883 do Krakatoa,Indonésia,26-08-1883,Erupções vulcânicas,26-08-1883,26,08,1883,"Sudeste da Ásia, arquipélago entre o Oceano Índico e o Oceano Pacífico","-5.0, 120.0",Sudeste Asiático,1904569.0,1811569.0,93000.0,"tropical;quente, úmido;mais moderado em terras altas"
30000,Erupção do Monte Pelée em 1902,Martinica,07-05-1902,Erupções vulcânicas,07-05-1902,07,05,1902,,,,,,,
23000,Tragédia de Armero,Colômbia,13-11-1985,Erupções vulcânicas,13-11-1985,13,11,1985,"Norte da América do Sul, na fronteira com o Mar do Caribe, entre Panamá e Venezuela, e na fronteira com o Oceano Pacífico Norte, entre Equador e Panamá","4.0, -72.0",Ámérica do Sul,1138910.0,1038700.0,100210.0,tropical ao longo das planícies costeiras e orientais;mais frio em terras altas
15000,Terremoto e tsunami de Unzen 1792,Japão,21-05-1792,Erupções vulcânicas,21-05-1792,21,05,1792,"Oriental Ásia, cadeia de ilhas entre o Oceano Pacífico Norte e o Mar do Japão, a leste da Península Coreana","36.0, 138.0",Ásia,377915.0,364485.0,13430.0,varia de tropical no sul para frio temperado no norte
13000,Erupção do Monte Vesúvio em 79 DC,Itália,00-00-79,Erupções vulcânicas,01-01-79,,,79,"Sul da Europa, uma península que se estende ao Mar Mediterrâneo Central, a nordeste da Tunísia","42.5, 12.5",Europa,301340.0,294140.0,7200.0,"predominantemente mediterrâneo;alpino no extremo norte;Quente, seco no sul"
10000,Erupção Kelud de 1586,Indonésia,00-00-1586,Erupções vulcânicas,01-01-1586,,,1586,"Sudeste da Ásia, arquipélago entre o Oceano Índico e o Oceano Pacífico","-5.0, 120.0",Sudeste Asiático,1904569.0,1811569.0,93000.0,"tropical;quente, úmido;mais moderado em terras altas"
6000,Erupção de Santa Maria em 1902,Guatemala,24-10-1902,Erupções vulcânicas,24-10-1902,24,10,1902,"América Central, na fronteira com o Oceano Pacífico, entre El Salvador e México, e na fronteira com o Golfo de Honduras (Mar do Caribe) entre Honduras e Belize","15.3, -90.15",América Central e o Caribe,108889.0,107159.0,1730.0,"tropical;Quente, úmido em planícies;mais frio em terras altas"
5000,Kelud mudflow de 1919,Indonésia,19-05-1919,Erupções vulcânicas,19-05-1919,19,05,1919,"Sudeste da Ásia, arquipélago entre o Oceano Índico e o Oceano Pacífico","-5.0, 120.0",Sudeste Asiático,1904569.0,1811569.0,93000.0,"tropical;quente, úmido;mais moderado em terras altas"
4011,Erupção Galunggung de 1822,Indonésia,00-00-1822,Erupções vulcânicas,01-01-1822,,,1822,"Sudeste da Ásia, arquipélago entre o Oceano Índico e o Oceano Pacífico","-5.0, 120.0",Sudeste Asiático,1904569.0,1811569.0,93000.0,"tropical;quente, úmido;mais moderado em terras altas"
